{"accuracy": [0.741278350353241, 0.8232110738754272, 0.831932783126831, 0.8377259969711304, 0.8458110690116882, 0.844346821308136], "loss": [0.7589512467384338, 0.5131825804710388, 0.4845501780509949, 0.4745466411113739, 0.45884525775909424, 0.467782586812973], "val_accuracy": [0.847177267074585, 0.8371089696884155, 0.8383075594902039, 0.8236845135688782, 0.8339925408363342, 0.8175716400146484], "val_loss": [0.4816558361053467, 0.5842346549034119, 0.5817753672599792, 0.6813246011734009, 0.6500951051712036, 0.73048996925354]}