{"accuracy": [0.623121976852417, 0.733129620552063, 0.7726635932922363, 0.8018207550048828, 0.8189457654953003, 0.8411637544631958, 0.8589254021644592, 0.867519736289978, 0.8788515329360962, 0.8880825042724609, 0.8994143009185791, 0.9058441519737244, 0.913674533367157, 0.9211866855621338, 0.9247516989707947], "loss": [1.2222206592559814, 0.7954651713371277, 0.6695953607559204, 0.583594560623169, 0.5229067802429199, 0.46326667070388794, 0.4176928699016571, 0.3892655670642853, 0.3536393642425537, 0.31972575187683105, 0.2955996096134186, 0.27396726608276367, 0.24914245307445526, 0.22764995694160461, 0.22098204493522644], "val_accuracy": [0.805945098400116, 0.8404650688171387, 0.8484957218170166, 0.8542490601539612, 0.8649166822433472, 0.8699508309364319, 0.8754644393920898, 0.8753445744514465, 0.876303493976593, 0.876663088798523, 0.8781014084815979, 0.8836150169372559, 0.8776219487190247, 0.8827759623527527, 0.882895827293396], "val_loss": [0.5985786318778992, 0.5019566416740417, 0.4731719493865967, 0.4651024341583252, 0.45341816544532776, 0.42918169498443604, 0.424910306930542, 0.4240618348121643, 0.43522125482559204, 0.43924999237060547, 0.43693363666534424, 0.43577075004577637, 0.45873939990997314, 0.4470210671424866, 0.4513019919395447]}