{"accuracy": [0.8140212893486023, 0.8614747524261475, 0.867713212966919, 0.8739517331123352, 0.8696052432060242, 0.8750255703926086], "loss": [0.5075216293334961, 0.3718898296356201, 0.36456266045570374, 0.3463420867919922, 0.3733842074871063, 0.3520786166191101], "val_accuracy": [0.8591607809066772, 0.8520980477333069, 0.8774408102035522, 0.8566680550575256, 0.8599916696548462, 0.873286247253418], "val_loss": [0.4311726689338684, 0.485838919878006, 0.44086340069770813, 0.5312484502792358, 0.5433807373046875, 0.49614468216896057]}