{"accuracy": [0.740642249584198, 0.8007261157035828, 0.8277766704559326, 0.8532931208610535, 0.8673041462898254, 0.8868377804756165, 0.8985989093780518, 0.9079566597938538, 0.9152689576148987, 0.9257516860961914, 0.9326549172401428, 0.9406831860542297, 0.9458478093147278, 0.9491204619407654, 0.9530578851699829], "loss": [0.8764601349830627, 0.5871798992156982, 0.48401349782943726, 0.4140927195549011, 0.3639707863330841, 0.309523344039917, 0.2777670919895172, 0.25075504183769226, 0.2272835373878479, 0.19969865679740906, 0.1817750483751297, 0.16810555756092072, 0.15395544469356537, 0.138594850897789, 0.12818248569965363], "val_accuracy": [0.8462817072868347, 0.857914388179779, 0.8641462326049805, 0.8707935214042664, 0.8770253658294678, 0.8815953731536865, 0.8815953731536865, 0.8882426023483276, 0.8882426023483276, 0.8878271579742432, 0.8894889950752258, 0.8899044394493103, 0.8923971652984619, 0.8932281136512756, 0.8961362838745117], "val_loss": [0.5216250419616699, 0.48725563287734985, 0.4538094401359558, 0.4451259672641754, 0.4323565661907196, 0.4349190890789032, 0.42517295479774475, 0.41437575221061707, 0.43028369545936584, 0.4520985782146454, 0.45244911313056946, 0.4542960524559021, 0.4474308490753174, 0.46703457832336426, 0.46380531787872314]}