{"accuracy": [0.6103806495666504, 0.7169383764266968, 0.7681944966316223, 0.8004773855209351, 0.831667959690094, 0.8524616956710815, 0.8677535653114319, 0.8803349733352661, 0.8955459594726562, 0.906994640827179, 0.9116469025611877, 0.9211537837982178], "loss": [1.2482976913452148, 0.8345134258270264, 0.6837725639343262, 0.587662398815155, 0.5036749243736267, 0.4363887906074524, 0.38801273703575134, 0.3526601195335388, 0.3103134036064148, 0.28265780210494995, 0.2570381462574005, 0.23644180595874786], "val_accuracy": [0.6198151111602783, 0.6679307818412781, 0.7060914635658264, 0.7181796431541443, 0.7321640253067017, 0.7430670857429504, 0.7366674542427063, 0.7449632883071899, 0.7470964789390564, 0.7468594312667847, 0.7480445504188538, 0.7499407529830933], "val_loss": [1.2148703336715698, 1.1073670387268066, 1.009835124015808, 1.0064034461975098, 0.9863491654396057, 0.9918766617774963, 1.0507817268371582, 1.0442044734954834, 1.0661598443984985, 1.0963596105575562, 1.1115005016326904, 1.1386802196502686]}